Question ID,Original question,Original gold SQL,Suggested fixed question,Suggested fixed gold_sql,Comment,Error Category
89,How many accounts who choose issuance after transaction are staying in East Bohemia region?,SELECT COUNT(T1.district_id) FROM district AS T1 INNER JOIN account AS T2 ON T1.district_id = T2.district_id WHERE T1.A3 = 'East Bohemia' AND T2.frequency = 'POPLATEK PO OBRATU',Calculate the percentage of accounts from the 'Decin' district that were opened in 1993.,SELECT COUNT(T1.district_id) FROM district AS T1 INNER JOIN account AS T2 ON T1.district_id = T2.district_id WHERE T1.A3 = 'east Bohemia' AND T2.frequency = 'POPLATEK PO OBRATU',"Changed ""East"" to ""east"" to match the values in the database.  ",5
90,How many accounts who have region in Prague are eligible for loans?,SELECT COUNT(T1.account_id) FROM account AS T1 INNER JOIN loan AS T2 ON T1.account_id = T2.account_id INNER JOIN district AS T3 ON T1.district_id = T3.district_id WHERE T3.A3 = 'Prague',,,,
91,The average unemployment ratio of 1995 and 1996, which one has higher percentage?,SELECT DISTINCT IIF(AVG(A13) > AVG(A12), '1996', '1995') FROM district,,,,
92,List out the no. of districts that have female average salary is more than 6000 but less than 10000?,SELECT DISTINCT T2.district_id FROM client AS T1 INNER JOIN district AS T2 ON T1.district_id = T2.district_id WHERE T1.gender = 'F' AND T2.A11 BETWEEN 6000 AND 10000,,,,
93,How many male customers who are living in North Bohemia have average salary greater than 8000?,SELECT COUNT(T1.client_id) FROM client AS T1 INNER JOIN district AS T2 ON T1.district_id = T2.district_id WHERE T1.gender = 'M' AND T2.A3 = 'North Bohemia' AND T2.A11 > 8000,How many male customers who are living in north Bohemia have average salary greater than 8000?,SELECT COUNT(T1.client_id) FROM client AS T1 INNER JOIN district AS T2 ON T1.district_id = T2.district_id WHERE T1.gender = 'M' AND T2.A3 = 'north Bohemia' AND T2.A11 > 8000,"Changed ""North"" to ""north"" to match the values in the database.  ",5
94,List out the account numbers of female clients who are oldest and has lowest average salary, calculate the gap between this lowest average salary with the highest average salary?,SELECT T1.account_id , ( SELECT MAX(A11) - MIN(A11) FROM district ) FROM account AS T1 INNER JOIN district AS T2 ON T1.district_id = T2.district_id WHERE T2.district_id = ( SELECT district_id FROM client WHERE gender = 'F' ORDER BY birth_date ASC LIMIT 1 ) ORDER BY T2.A11 DESC LIMIT 1,List out the account numbers of female clients who are oldest and have lowest average salary, also calculate and list the gap between this lowest average salary with the highest average salary?,SELECT T1.account_id , ( SELECT MAX(A11) - MIN(A11) FROM district ) FROM account AS T1 INNER JOIN district AS T2 ON T1.district_id = T2.district_id WHERE T2.district_id = ( SELECT district_id FROM client WHERE gender = 'F' ORDER BY birth_date ASC LIMIT 1 ) ORDER BY T2.A11 DESC,Changed formulation of question. Improved English and removed ambiguity. Removed LIMIT 1 at the end of the SQL query. ,1 + 2 + 3
95,List out the account numbers of clients who are youngest and have highest average salary?,SELECT T1.account_id FROM account AS T1 INNER JOIN district AS T2 ON T1.district_id = T2.district_id WHERE T2.district_id = ( SELECT district_id FROM client ORDER BY birth_date DESC LIMIT 1 ) ORDER BY T2.A11 DESC LIMIT 1,List out the client IDs of clients who are youngest and who live in the district with the highest average salary?,SELECT T1.client_id FROM client AS T1 INNER JOIN district AS T2 ON T1.district_id = T2.district_id WHERE T2.district_id = ( SELECT district_id FROM district ORDER BY A11 DESC LIMIT 1 ) ORDER BY birth_date DESC LIMIT 1,There is no way to calculate the salary of a single client in the database, there is only information about average salaries over an entire district. Changed so that question correctly asks about clients that live in the district with the highest average salary, and changed gold query to match the corrected question. Also specified which column should be returned from the cliend table (ID column). ,6
96,How many customers who choose statement of weekly issuance are Owner?,SELECT COUNT(T1.account_id) FROM account AS T1 INNER JOIN disp AS T2 ON T1.account_id = T2.account_id WHERE T2.type = 'Owner' AND T1.frequency = 'POPLATEK TYDNE',How many customers who choose statement of weekly issuance are listed as OWNER on a disposition?,SELECT COUNT(T1.account_id) FROM account AS T1 INNER JOIN disp AS T2 ON T1.account_id = T2.account_id WHERE T2.type = 'OWNER' AND T1.frequency = 'POPLATEK TYDNE',Clarified what owner refers to. Changed Owner to OWNER to match the string capitalization of the value in the database,5
97,List out the clients who choose statement of issuance after transaction are Disponent?,SELECT T2.client_id FROM account AS T1 INNER JOIN disp AS T2 ON T1.account_id = T2.account_id WHERE T1.frequency = 'POPLATEK PO OBRATU' AND T2.type = 'DISPONENT',,,,
98,Among the accounts who have approved loan date in 1997, list out the accounts that have the lowest approved amount and choose weekly issuance statement.,SELECT T2.account_id FROM loan AS T1 INNER JOIN account AS T2 ON T1.account_id = T2.account_id WHERE STRFTIME('%Y', T1.date) = '1997' AND T2.frequency = 'POPLATEK TYDNE' ORDER BY T1.amount LIMIT 1,,SELECT T2.account_id FROM loan AS T1 INNER JOIN account AS T2 ON T1.account_id = T2.account_id WHERE STRFTIME('%Y', T1.date) = '1997' AND T2.frequency = 'POPLATEK TYDNE' ORDER BY T1.amount,Removed LIMIT 1 since question asks “list out the accounts…”,3
99,Among the accounts who have loan validity more than 12 months, list out the accounts that have the highest approved amount and have account opening date in 1993.,SELECT T1.account_id FROM loan AS T1 INNER JOIN disp AS T2 ON T1.account_id = T2.account_id WHERE STRFTIME('%Y', T1.date) = '1993' AND T1.duration = 12 ORDER BY T1.amount DESC LIMIT 1,,SELECT T1.account_id FROM loan AS T1 INNER JOIN disp AS T2 ON T1.account_id = T2.account_id WHERE STRFTIME('%Y', T1.date) = '1993' AND T1.duration > 12 ORDER BY T1.amount DESC LIMIT 1,Question states more than 12 months, not equal to 12 months. Changed T1.duration = 12 to T1.duration > 12 in the gold query. ,3
100,Among the account opened, how many female customers who were born before 1950 and stayed in Slokolov?,SELECT COUNT(T2.client_id) FROM district AS T1 INNER JOIN client AS T2 ON T1.district_id = T2.district_id WHERE T2.gender = 'F' AND STRFTIME('%Y', T2.birth_date) < '1950' AND T1.A2 = 'Slokolov',,,,
101,List out the accounts who have the earliest trading date in 1995 ?,SELECT account_id FROM trans WHERE STRFTIME('%Y', date) = '1995' ORDER BY date ASC LIMIT 1,List out the accounts IDs of the accounts who have the earliest trading date in 1995 ?,,The question now asks to list out the account IDs instead of list the accounts. Removed column ambiguity,2
102,State different accounts who have account opening date before 1997 and own an amount of money greater than 3000USD,SELECT DISTINCT T2.account_id FROM trans AS T1 INNER JOIN account AS T2 ON T1.account_id = T2.account_id WHERE STRFTIME('%Y', T2.date) < '1997' AND T1.amount > 3000,,,,
103,Which client issued his/her card in 1994/3/3, give his/her client id.,SELECT T2.client_id FROM client AS T1 INNER JOIN disp AS T2 ON T1.client_id = T2.client_id INNER JOIN card AS T3 ON T2.disp_id = T3.disp_id WHERE T3.issued = '1994-03-03',,,,
104,The transaction of 840 USD happened in 1998/10/14, when was this account opened?,SELECT T1.date FROM account AS T1 INNER JOIN trans AS T2 ON T1.account_id = T2.account_id WHERE T2.amount = 840 AND T2.date = '1998-10-14',,,,
105,There was a loan approved in 1994/8/25, where was that account opened, give the district Id of the branch.,SELECT T1.district_id FROM account AS T1 INNER JOIN loan AS T2 ON T1.account_id = T2.account_id WHERE T2.date = '1994-08-25',,,,
106,What is the biggest amount of transaction that the client whose card was opened in 1996/10/21 made?,SELECT T2.amount FROM account AS T1 INNER JOIN trans AS T2 ON T1.account_id = T2.account_id WHERE T1.date = '1996-10-21' ORDER BY T2.amount DESC LIMIT 1,What amount is the largest transaction that the client whose card was opened in 1996/10/21 made?,SELECT T2.amount FROM account AS T1 INNER JOIN trans AS T2 ON T1.account_id = T2.account_id INNER JOIN disp AS T3 on T3.account_id = T1.account_id INNER JOIN card AS T4 on T4.disp_id = T3.disp_id WHERE T4.issued = '1996-10-21' ORDER BY T2.amount DESC LIMIT 1,"Corrected English in question. Gold query also asks which card was opened in 1996/10/21, not which account was opened that day which is wrong.
Changed to check card.issued = “1996-10-21”",1 + 3
107,What is the gender of the oldest client who opened his/her account in the highest average salary branch?,SELECT T2.gender FROM district AS T1 INNER JOIN client AS T2 ON T1.district_id = T2.district_id ORDER BY T1.A11 DESC, T2.birth_date ASC LIMIT 1,,,,
108,For the client who applied the biggest loan, what was his/her first amount of transaction after opened the account?,SELECT T2.amount FROM loan AS T1 INNER JOIN trans AS T2 ON T1.account_id = T2.account_id ORDER BY T1.amount DESC, T2.date ASC LIMIT 1,,,,
109,How many clients opened their accounts in Jesenik branch were women?,SELECT COUNT(T1.client_id) FROM client AS T1 INNER JOIN district AS T2 ON T1.district_id = T2.district_id WHERE T1.gender = 'F' AND T2.A2 = 'Jesenik',,,,
110,What is the disposition id of the client who made 5100 USD transaction in 1998/9/2?,SELECT T1.disp_id FROM disp AS T1 INNER JOIN trans AS T2 ON T1.account_id = T2.account_id WHERE T2.date = '1998-09-02' AND T2.amount = 5100,,,,
111,How many accounts were opened in Litomerice in 1996?,SELECT COUNT(T2.account_id) FROM district AS T1 INNER JOIN account AS T2 ON T1.district_id = T2.district_id WHERE STRFTIME('%Y', T2.date) = '1996' AND T1.A2 = 'Litomerice',,,,
112,For the female client who was born in 1976/1/29, which district did she opened her account?,SELECT T1.A2 FROM district AS T1 INNER JOIN client AS T2 ON T1.district_id = T2.district_id WHERE T2.birth_date = '1976-01-29' AND T2.gender = 'F',For the female client who was born in 1976/1/29, what is the name of the district where she opened her account?,,Improved the english and changed question so that it specifically asks for the name of the district rather than just which district,1 + 2
113,For the client who applied 98832 USD loan in 1996/1/3, when was his/her birthday?,SELECT T3.birth_date FROM loan AS T1 INNER JOIN account AS T2 ON T1.account_id = T2.account_id INNER JOIN client AS T3 ON T2.district_id = T3.district_id WHERE T1.date = '1996-01-03' AND T1.amount = 98832,For the client who applied for a loan of the amount 98832 USD  on 1996/1/3, when was his/her birthday?,SELECT T4.birth_date FROM loan AS T1 INNER JOIN account AS T2 ON T1.account_id = T2.account_id INNER JOIN disp AS T3 ON T2.account_id = T3.account_id INNER JOIN client AS T4 ON T4.client_id = T3.client_id WHERE T1.date = '1996-01-03' AND T1.amount = 98832,Improved english of question. Fixed query so that it join account and client through the disp table rather than on their district_ids,1 + 3
114,For the first client who opened his/her account in Prague, what is his/her account ID?,SELECT T1.account_id FROM account AS T1 INNER JOIN district AS T2 ON T1.district_id = T2.district_id WHERE T2.A3 = 'Prague' ORDER BY T1.date ASC LIMIT 1,What is the account ID of the first account opened in Prague?,,Removed column ambiguity,2
115,For the branch which located in the south Bohemia with biggest number of inhabitants, what is the percentage of the male clients?,SELECT CAST(SUM(T1.gender = 'M') AS REAL) * 100 / COUNT(T1.client_id) FROM client AS T1 INNER JOIN district AS T2 ON T1.district_id = T2.district_id WHERE T2.A3 = 'south Bohemia' GROUP BY T2.A4 ORDER BY T2.A4 DESC LIMIT 1,For the branch which is located in south Bohemia and that has the largest number of inhabitants, what is the percentage of male clients?,"SELECT CAST(SUM(T1.gender = 'M') AS REAL) * 100 / COUNT(T1.client_id) FROM client AS T1 INNER JOIN district AS T2 ON T1.district_id = T2.district_id WHERE T2.district_id IN (    SELECT district_id    FROM district    WHERE A3 = 'south Bohemia'    ORDER BY CAST(A4 AS INTEGER) DESC    LIMIT 1),",Improved english of question. Changed SQL query from having a group by and order by to a sub query,1 + 3
116,For the client who first applied the loan in 1993/7/5, what is the increase rate of his/her account balance from 1993/3/22 to 1998/12/27?,SELECT CAST((SUM(IIF(T3.date = '1998-12-27', T3.balance, 0)) - SUM(IIF(T3.date = '1993-03-22', T3.balance, 0))) AS REAL) * 100 / SUM(IIF(T3.date = '1993-03-22', T3.balance, 0)) FROM loan AS T1 INNER JOIN account AS T2 ON T1.account_id = T2.account_id INNER JOIN trans AS T3 ON T3.account_id = T2.account_id WHERE T1.date = '1993-07-05',For the client who applied for a loan in 1993/7/5, what is the increase rate of his/her account balance from 1993/3/22 to 1998/12/27?,,"Changed “Applied the” to “applied for"" in the question. Syntactial error.",1
117,What is the percentage of loan amount that has been fully paid with no issue.,SELECT (CAST(SUM(CASE WHEN status = 'A' THEN amount ELSE 0 END) AS REAL) * 100) / SUM(amount) FROM loan,What percentage of the total loan amount has been fully paid without any issues?,,Changed the grammar of the sentence.,1
118,For loan amount less than USD100,000, what is the percentage of accounts that is still running with no issue.,SELECT CAST(SUM(status = 'C') AS REAL) * 100 / COUNT(amount) FROM loan WHERE amount < 100000,,,,
119,For accounts in 1993 with statement issued after transaction, list the account ID, district name and district region.,SELECT T1.account_id, T2.A2, T2.A3 FROM account AS T1 INNER JOIN district AS T2 ON T1.district_id = T2.district_id WHERE T1.frequency = 'POPLATEK PO OBRATU' AND STRFTIME('%Y', T1.date)= '1993',,,,
120,From Year 1995 to 2000, who are the accounts holders from 'east Bohemia'. State the account ID the frequency of statement issuance.,SELECT T1.account_id, T1.frequency FROM account AS T1 INNER JOIN district AS T2 ON T1.district_id = T2.district_id WHERE T2.A3 = 'east Bohemia' AND STRFTIME('%Y', T1.date) BETWEEN '1995' AND '2000',What are the  account IDs and  frequency of statement issuance of accounts created in 'east Bohemia' between 1995 and 2000? ,,Changed the grammar of the sentence.,1
121,List account ID and account opening date for accounts from 'Prachatice'.,SELECT T1.account_id, T1.date FROM account AS T1 INNER JOIN district AS T2 ON T1.district_id = T2.district_id WHERE T2.A2 = 'Prachatice',,,,
122,State the district and region for loan ID '4990'.,SELECT T2.A2, T2.A3 FROM account AS T1 INNER JOIN district AS T2 ON T1.district_id = T2.district_id INNER JOIN loan AS T3 ON T1.account_id = T3.account_id WHERE T3.loan_id = 4990,,,,
123,Provide the account ID, district and region for loan amount greater than USD300,000.,SELECT T1.account_id, T2.A2, T2.A3 FROM account AS T1 INNER JOIN district AS T2 ON T1.district_id = T2.district_id INNER JOIN loan AS T3 ON T1.account_id = T3.account_id WHERE T3.amount > 300000,,,,
124,List the loan ID, district and average salary for loan with duration of 60 months.,SELECT T3.loan_id, T2.A2, T2.A11 FROM account AS T1 INNER JOIN district AS T2 ON T1.district_id = T2.district_id INNER JOIN loan AS T3 ON T1.account_id = T3.account_id WHERE T3.duration = 60,,,,
125,For loans contracts which are still running where client are in debt, list the district of the and the state the percentage unemployment rate increment from year 1995 to 1996.,SELECT CAST((T3.A13 - T3.A12) AS REAL) * 100 / T3.A12 FROM loan AS T1 INNER JOIN account AS T2 ON T1.account_id = T2.account_id INNER JOIN district AS T3 ON T2.district_id = T3.district_id WHERE T1.status = 'D',For loan contracts that are still active where clients are in debt, state the percentage increase in unemployment rate from 1995 to 1996.,,Fixed syntactical errors in question,1
126,Calculate the percentage of account from 'Decin' district for all accounts are opened in 1993.,SELECT CAST(SUM(T1.A2 = 'Decin') AS REAL) * 100 / COUNT(account_id) FROM district AS T1 INNER JOIN account AS T2 ON T1.district_id = T2.district_id WHERE STRFTIME('%Y', T2.date) = '1993',Calculate the percentage of accounts from the 'Decin' district that were opened in 1993.,,"Question was worded wierdly and ""account"" should be in plural. Changed the grammar from “account” to “accounts” and from “for all accounts are opened in “ to “that were opened in”",1
127,List the account IDs with monthly issuance of statements.,SELECT account_id FROM account WHERE Frequency = 'POPLATEK MESICNE',,,,
128,List the top ten districts, by descending order, from the highest to the lowest, the number of female account holders.,SELECT T2.A2, COUNT(T1.client_id) FROM client AS T1 INNER JOIN district AS T2 ON T1.district_id = T2.district_id WHERE T1.gender = 'F' GROUP BY T2.district_id, T2.A2 ORDER BY COUNT(T1.client_id) DESC LIMIT 10,List the top ten districts in descending order, from the highest to the lowest, based on the number of female account holders.,,Changed the grammar of the question from “the number of female account holders” to “ based on the number of female account holders.”,1
129,Which are the top ten withdrawals (non-credit card) by district names for the month of January 1996?,SELECT T1.district_id FROM district AS T1 INNER JOIN account AS T2 ON T1.district_id = T2.district_id INNER JOIN trans AS T3 ON T2.account_id = T3.account_id WHERE T3.type = 'VYDAJ' AND T2.date LIKE '1996-01%' ORDER BY A2 ASC LIMIT 10,Which are the top ten withdrawals (non-credit card) by district ids for the month of January 1996?,,Changed “district names” to “district ids”, in order to match the question and gold SQL. ,3
130,How many of the account holders in South Bohemia still do not own credit cards?,SELECT COUNT(T3.account_id) FROM district AS T1 INNER JOIN client AS T2 ON T1.district_id = T2.district_id INNER JOIN disp AS T3 ON T2.client_id = T3.client_id WHERE T1.A3 = 'south Bohemia' AND T3.type != 'OWNER',,,,
131,Which district has highest active loan?,SELECT T2.A3 FROM account AS T1 INNER JOIN district AS T2 ON T1.district_id = T2.district_id INNER JOIN loan AS T3 ON T1.account_id = T3.account_id WHERE T3.status IN ('C', 'D') GROUP BY T2.A3 ORDER BY SUM(T3.amount) DESC LIMIT 1,Which region has the district with the highest active loan?,,Changed “district” to which region has the district with the”, since the T3 column refers to the region which is what the gold SQL returns. ,1 + 3
132,What is the average loan amount by male borrowers?,SELECT AVG(T3.amount) FROM client AS T1 INNER JOIN account AS T2 ON T1.district_id = T2.district_id INNER JOIN loan AS T3 ON T2.account_id = T3.account_id WHERE T1.gender = 'M',,SELECT AVG(T1.amount) FROM loan AS T1 INNER JOIN account AS T2 ON T1.account_id = T2.account_id INNER JOIN disp AS T3 ON T2.account_id = T3.account_id INNER JOIN client AS T4 ON T3.client_id = T4.client_id WHERE T4.gender = 'M',Query incorrectly joins client and account on district_id. Fixed joins to properly match account, loan, disc and client,3
133,In 1996, which districts have the highest unemployment rate? List their branch location and district name.,SELECT district_id, A2 FROM district ORDER BY A13 DESC LIMIT 1,In 1996, what were the district ids of the districts that had the highest unemployment rate? List their branch location and district name.,,Column ambiguity. Changed “which districts have the” to “what were the district ids of the districts that had”,2
134,In the branch where the largest number of crimes were committed in 1996, how many accounts were opened?,SELECT COUNT(T2.account_id) FROM district AS T1 INNER JOIN account AS T2 ON T1.district_id = T2.district_id GROUP BY T1.A16 ORDER BY T1.A16 DESC LIMIT 1,,,,
135,After making a credit card withdrawal, how many account/s with monthly issuance has a negative balance?,SELECT COUNT(T1.account_id) FROM trans AS T1 INNER JOIN account AS T2 ON T1.account_id = T2.account_id WHERE T1.balance < 0 AND T1.operation = 'VYBER KARTOU' AND T2.frequency = 'POPLATEK MESICNE',,,,
136,Between 1/1/1995 and 12/31/1997, how many loans in the amount of at least 250,000 per account that chose monthly statement issuance were approved?,SELECT COUNT(T1.account_id) FROM account AS T1 INNER JOIN loan AS T2 ON T1.account_id = T2.account_id WHERE T2.date BETWEEN '1995-01-01' AND '1997-12-31' AND T1.frequency = 'POPLATEK MESICNE' AND T2.amount > 250000,,,,
137,How many accounts have running contracts in Branch location 1?,SELECT COUNT(T1.account_id) FROM account AS T1 INNER JOIN district AS T2 ON T1.district_id = T2.district_id INNER JOIN loan AS T3 ON T1.account_id = T3.account_id WHERE T1.district_id = 1 AND (T3.status = 'C' OR T3.status = 'D'),,,,
138,In the branch where the second-highest number of crimes were committed in 1995 occurred, how many male clients are there?,SELECT COUNT(T1.client_id) FROM client AS T1 INNER JOIN district AS T2 ON T1.district_id = T2.district_id WHERE T1.gender = 'M' AND T2.A15 = (SELECT T3.A15 FROM district AS T3 ORDER BY T3.A15 DESC LIMIT 1, 1),,,,
139,"How many high-level credit cards have ""disponent"" type of disposition?",SELECT COUNT(T1.card_id) FROM card AS T1 INNER JOIN disp AS T2 ON T1.disp_id = T2.disp_id WHERE T1.type = 'gold' AND T2.type = 'DISPONENT',,,,
140,"How many accounts are there in the district of ""Pisek""?",SELECT COUNT(T1.account_id) FROM account AS T1 INNER JOIN district AS T2 ON T1.district_id = T2.district_id WHERE T2.A2 = 'Pisek',,,,
141,Which districts have transactions greater than USS$10,000 in 1997?,SELECT T1.district_id FROM account AS T1 INNER JOIN district AS T2 ON T1.district_id = T2.district_id INNER JOIN trans AS T3 ON T1.account_id = T3.account_id WHERE STRFTIME('%Y', T3.date) = '1997' GROUP BY T1.district_id HAVING SUM(T3.amount) > 10000,What are the district ids of the districts that had a transaction greater greater than USS$10,000 in 1997?,,Column ambiguity. Changed “Which districts” to “What are the district ids of the districts “,2
142,Which accounts placed orders for household payment in Pisek?,SELECT DISTINCT T2.account_id FROM trans AS T1 INNER JOIN account AS T2 ON T1.account_id = T2.account_id INNER JOIN district AS T3 ON T2.district_id = T3.district_id WHERE T1.k_symbol = 'SIPO' AND T3.A2 = 'Pisek',,"SELECT DISTINCT T2.account_id FROM ""order"" AS T1 INNER JOIN account AS T2 ON T1.account_id = T2.account_id INNER JOIN district AS T3 ON T2.district_id = T3.district_id WHERE T1.k_symbol = 'SIPO' AND T3.A2 = 'Pisek'",Gold query queries transactions instead of the order table. Changed from transaction to order table,3
143,What are the accounts that have both gold and junior credit cards?,SELECT T2.account_id FROM card AS T1 INNER JOIN disp AS T2 ON T1.disp_id = T2.disp_id WHERE T1.type IN ('gold', 'junior'),,,,
144,How much is the average amount in credit card made by account holders in a month, in year 2021?,SELECT AVG(T3.amount) FROM card AS T1 INNER JOIN disp AS T2 ON T1.disp_id = T2.disp_id INNER JOIN trans AS T3 ON T2.account_id = T3.account_id WHERE STRFTIME('%Y', T3.date) = '2021' AND T3.operation = 'VYBER KARTOU',,,,
145,Who are the account holder identification numbers whose spent per month on the credit card is less than the average, in 1998?,SELECT T1.account_id FROM trans AS T1 INNER JOIN account AS T2 ON T1.account_id = T2.account_id WHERE STRFTIME('%Y', T1.date) = '1998' AND T1.operation = 'VYBER KARTOU' AND T1.amount < (SELECT AVG(amount) FROM trans WHERE STRFTIME('%Y', date) = '1998'),,,,
146,Who are the female account holders who own credit cards and also have loans?,SELECT T1.client_id FROM client AS T1 INNER JOIN disp AS T2 ON T1.client_id = T2.client_id INNER JOIN loan AS T3 ON T2.account_id = T3.account_id INNER JOIN card AS T4 ON T2.disp_id = T4.disp_id WHERE T1.gender = 'F',,,,
147,How many female clients' accounts are in the region of South Bohemia?,SELECT COUNT(T1.client_id) FROM client AS T1 INNER JOIN district AS T2 ON T1.district_id = T2.district_id WHERE T1.gender = 'F' AND T2.A3 = 'south Bohemia',,,,
148,Please list the accounts whose district is Tabor that are eligible for loans.,SELECT T2.account_id FROM district AS T1 INNER JOIN account AS T2 ON T1.district_id = T2.district_id INNER JOIN disp AS T3 ON T2.account_id = T3.account_id WHERE T3.type = 'OWNER' AND T1.A2 = 'Tabor',,,,
149,Please list the account types that are not eligible for loans, and the average income of residents in the district where the account is located exceeds $8000 but is no more than $9000.,SELECT T3.type FROM district AS T1 INNER JOIN account AS T2 ON T1.district_id = T2.district_id INNER JOIN disp AS T3 ON T2.account_id = T3.account_id WHERE T3.type != 'OWNER' AND T1.A11 BETWEEN 8000 AND 9000,Please list the account types that are not eligible for loans and where the average income of residents in the district where the account is located exceeds $8000 but is no more than $9000.,,Changed “, and” to “and where”. Syntactical error. ,1
150,How many accounts in North Bohemia has made a transaction with the partner's bank being AB?,SELECT COUNT(T2.account_id) FROM district AS T1 INNER JOIN account AS T2 ON T1.district_id = T2.district_id INNER JOIN trans AS T3 ON T2.account_id = T3.account_id WHERE T3.bank = 'AB' AND T1.A3 = 'north Bohemia',How many accounts in north Bohemia has made a transaction with the partner's bank being AB?,SELECT COUNT(T2.account_id) FROM district AS T1 INNER JOIN account AS T2 ON T1.district_id = T2.district_id INNER JOIN trans AS T3 ON T2.account_id = T3.account_id WHERE T3.bank = 'AB' AND T1.A3 = 'north Bohemia',Changed from “North” to “north” to match the value in the database. ,5
151,Please list the name of the districts with accounts that made withdrawal transactions.,SELECT DISTINCT T1.A2 FROM district AS T1 INNER JOIN account AS T2 ON T1.district_id = T2.district_id INNER JOIN trans AS T3 ON T2.account_id = T3.account_id WHERE T3.type = 'VYDAJ',,,,
152,What is the average number of crimes committed in 1995 in regions where the number exceeds 4000 and the region has accounts that are opened starting from the year 1997?,SELECT AVG(T1.A15) FROM district AS T1 INNER JOIN account AS T2 ON T1.district_id = T2.district_id WHERE STRFTIME('%Y', T2.date) >= '1997' AND T1.A15 > 4000,What is the average number of crimes committed in 1995 in regions where the number of crimes exceeds 4000 and the region has accounts that are opened starting from the year 1997?,,Changed “number” to “number of crimes” in question. ,1
153,How many 'classic' cards are eligible for loan?,SELECT COUNT(T1.card_id) FROM card AS T1 INNER JOIN disp AS T2 ON T1.disp_id = T2.disp_id WHERE T1.type = 'classic' AND T2.type = 'Owner',,SELECT COUNT(T1.card_id) FROM card AS T1 INNER JOIN disp AS T2 ON T1.disp_id = T2.disp_id WHERE T1.type = 'classic' AND T2.type = 'OWNER',Changed ‘Owner’ to all caps to match the value in the database. ,5
154,How many male clients in 'Hl.m. Praha' district?,SELECT COUNT(T1.client_id) FROM client AS T1 INNER JOIN district AS T2 ON T1.district_id = T2.district_id WHERE T1.gender = 'M' AND T2.A2 = 'Hl.m. Praha',,,,
155,How many percent of 'Gold' cards were issued prior to 1998?,SELECT CAST(SUM(type = 'gold') AS REAL) * 100 / COUNT(card_id) FROM card WHERE STRFTIME('%Y', issued) < '1998',,SELECT  CAST(SUM(STRFTIME('%Y', issued) < '1998') AS REAL) * 100 / COUNT(card_id) FROM card WHERE type = 'gold',Gold query is incorrect. Now it firsts mask out all gold cards, and then checks the percentage of gold cards that were issued prior to 1998,3
156,Who is the owner of the account with the largest loan amount?,SELECT T1.client_id FROM disp AS T1 INNER JOIN loan AS T2 ON T1.account_id = T2.account_id WHERE T1.type = 'OWNER' ORDER BY T2.amount DESC LIMIT 1,,,,
157,What is the number of committed crimes in 1995 in the district of the account with the id 532?,SELECT T1.A15 FROM district AS T1 INNER JOIN `account` AS T2 ON T1.district_id = T2.district_id WHERE T2.account_id = 532,,,,
158,What is the district Id of the account that placed the order with the id 33333?,SELECT T3.district_id FROM `order` AS T1 INNER JOIN account AS T2 ON T1.account_id = T2.account_id INNER JOIN district AS T3 ON T2.district_id = T3.district_id WHERE T1.order_id = 33333,,,,
159,List all the withdrawals in cash transactions that the client with the id 3356 makes.,SELECT T4.trans_id FROM client AS T1 INNER JOIN disp AS T2 ON T1.client_id = T2.client_id INNER JOIN account AS T3 ON T2.account_id = T3.account_id INNER JOIN trans AS T4 ON T3.account_id = T4.account_id WHERE T1.client_id = 3356 AND T4.operation = 'VYBER',List the transaction ID for all withdrawals in cash transactions that the client with the id 3356 makes.,,Specified that it should return transaction ID,2
160,Among the weekly issuance accounts, how many have a loan of under 200000?,SELECT COUNT(T1.account_id) FROM loan AS T1 INNER JOIN account AS T2 ON T1.account_id = T2.account_id WHERE T2.frequency = 'POPLATEK TYDNE' AND T1.amount < 200000,,,,
161,What type of credit card does the client with the id 13539 own?,SELECT T3.type FROM disp AS T1 INNER JOIN client AS T2 ON T1.client_id = T2.client_id INNER JOIN card AS T3 ON T1.disp_id = T3.disp_id WHERE T2.client_id = 13539,,,,
162,What is the region of the client with the id 3541 from?,SELECT T2.district_id, T1.A3 FROM district AS T1 INNER JOIN client AS T2 ON T1.district_id = T2.district_id WHERE T2.client_id = 3541,What is the name of the region which the client with the id 3541 is from?,SELECT T1.A3 FROM district AS T1 INNER JOIN client AS T2 ON T1.district_id = T2.district_id WHERE T2.client_id = 3541,"Fixed column ambiguity in question by changing it to  ""what is the name of the region"". Changed gold query to match this. ",1+2
163,Which district has the most accounts with loan contracts finished with no problems?,SELECT T1.district_id FROM district AS T1 INNER JOIN account AS T2 ON T1.district_id = T2.district_id INNER JOIN loan AS T3 ON T2.account_id = T3.account_id WHERE T3.status = 'A' GROUP BY T1.district_id ORDER BY COUNT(T2.account_id) DESC LIMIT 1,What is the district id of the district that has the most accounts with loan contracts finished with no problems?,,Fixced ambiguity and syntactical error. Changed “which district” to “What is the district id of the district that”,1+2
164,Who placed the order with the id 32423?,SELECT T3.client_id FROM `order` AS T1 INNER JOIN account AS T2 ON T1.account_id = T2.account_id INNER JOIN client AS T3 ON T2.district_id = T3.district_id WHERE T1.order_id = 32423,What is the client ID of the client that placed the order with the ID 32423?,"SELECT T1.client_id FROM disp AS T1 INNER JOIN ""order"" AS T2 ON T1.account_id = T2.account_id WHERE T2.order_id = 32423","Replaced “who” to “what is the client id of the client"" in the question. Fixed the joins in the gold SQL query. ",1+2+3
165,Please list all the transactions made by accounts from district 5.,SELECT T3.trans_id FROM district AS T1 INNER JOIN account AS T2 ON T1.district_id = T2.district_id INNER JOIN trans AS T3 ON T2.account_id = T3.account_id WHERE T1.district_id = 5,Please list all the transaction IDs made by accounts from district 5.,,Fixed column ambiguity. Changed “transactions” to “transaction ids” in the question. ,2
166,How many of the accounts are from Jesenik district?,SELECT COUNT(T2.account_id) FROM district AS T1 INNER JOIN account AS T2 ON T1.district_id = T2.district_id WHERE T1.A2 = 'Jesenik',,,,
167,List all the clients' IDs whose junior credit cards were issued after 1996.,SELECT T2.client_id FROM card AS T1 INNER JOIN disp AS T2 ON T1.disp_id = T2.disp_id WHERE T1.type = 'junior' AND T1.issued >= '1997-01-01',,,,
168,What percentage of clients who opened their accounts in the district with an average salary of over 10000 are women?,SELECT CAST(SUM(T2.gender = 'F') AS REAL) * 100 / COUNT(T2.client_id) FROM district AS T1 INNER JOIN client AS T2 ON T1.district_id = T2.district_id WHERE T1.A11 > 10000,,,,
169,What was the growth rate of the total amount of loans across all accounts for a male client between 1996 and 1997?,SELECT CAST((SUM(CASE WHEN STRFTIME('%Y', T1.date) = '1997' THEN T1.amount ELSE 0 END) - SUM(CASE WHEN STRFTIME('%Y', T1.date) = '1996' THEN T1.amount ELSE 0 END)) AS REAL) * 100 / SUM(CASE WHEN STRFTIME('%Y', T1.date) = '1996' THEN T1.amount ELSE 0 END) FROM loan AS T1 INNER JOIN account AS T2 ON T1.account_id = T2.account_id INNER JOIN disp AS T3 ON T3.account_id = T2.account_id INNER JOIN client AS T4 ON T4.client_id = T3.client_id WHERE T4.gender = 'M' AND T3.type = 'OWNER',,,,
170,How many credit card withdrawals were recorded after 1995?,SELECT COUNT(account_id) FROM trans WHERE STRFTIME('%Y', date) > '1995' AND operation = 'VYBER KARTOU',How many credit card withdrawals were recorded starting from January 1, 1996?,,Fixed date ambiguity. Changed “after 1995” to starting from January 1, 1996”,2
171,What was the difference in the number of crimes committed in East and North Bohemia in 1996?,SELECT SUM(IIF(A3 = 'East Bohemia', A16, 0)) - SUM(IIF(A3 = 'North Bohemia', A16, 0)) FROM district,What was the difference in the number of crimes committed in east and north Bohemia in 1996?,SELECT SUM(IIF(A3 = 'east Bohemia', A16, 0)) - SUM(IIF(A3 = 'north Bohemia', A16, 0)) FROM district,"Changed “North” to “north” and ""East"" to ""east"" to match the values in the database. ",5
172,How many owner and disponent dispositions are there from account number 1 to account number 10?,SELECT SUM(type = 'Owner') , SUM(type = 'Disponent') FROM disp WHERE account_id BETWEEN 1 AND 10,,,,
173,How often does account number 3 request an account statement to be released? What was the aim of debiting 3539 in total?,SELECT T1.frequency, T2.k_symbol FROM account AS T1 INNER JOIN `order` AS T2 ON T1.account_id = T2.account_id WHERE T1.account_id = 3 AND T2.amount = 3539,How often does account number 3 request an account statement to be released? What was the purpose of debiting 3539 in total?,,"Changed question from ""aim"" to ""purpose"", to match the wordings in the database descriptions. Synonym problem. ",4
174,What year was account owner number 130 born?,SELECT STRFTIME('%Y', T1.birth_date) FROM client AS T1 INNER JOIN disp AS T3 ON T1.client_id = T3.client_id INNER JOIN account AS T2 ON T3.account_id = T2.account_id WHERE T2.account_id = 130,What year was the owner of account number 130 born?,,Fixed syntactical errors in questions.,1
175,How many accounts have an owner disposition and request for a statement to be generated upon a transaction?,SELECT COUNT(T1.account_id) FROM account AS T1 INNER JOIN disp AS T2 ON T1.account_id = T2.account_id WHERE T2.type = 'OWNER' AND T1.frequency = 'POPLATEK PO OBRATU',,,,
176,What is the amount of debt that client number 992 has, and how is this client doing with payments?,SELECT T3.amount, T3.status FROM client AS T1 INNER JOIN account AS T2 ON T1.district_id = T2.district_id INNER JOIN loan AS T3 ON T2.account_id = T3.account_id WHERE T1.client_id = 992,What is the amount of debt that client number 992 has in different loans, and what is the status of these loans?,SELECT T3.amount, T3.status FROM account AS T1 INNER JOIN disp AS T2 ON T1.account_id = T2.account_id INNER JOIN loan AS T3 ON T2.account_id = T3.account_id INNER JOIN client AS T4 ON T4.client_id = T2.client_id WHERE T4.client_id = 992,Fixed syntactical error in question. Fixed query so that it matches client and account through the disp table and not through district_id,1+3
177,What is the sum that client number 4's account has following transaction 851? Who owns this account, a man or a woman?,SELECT T3.balance, T1.gender FROM client AS T1 INNER JOIN account AS T2 ON T1.district_id = T2.district_id INNER JOIN trans AS T3 ON T2.account_id = T3.account_id WHERE T1.client_id = 4 AND T3.trans_id = 851,What is the balance of client number 4's account following transaction 851? Who owns this account, a man or a woman?,SELECT T3.balance, T4.gender FROM account AS T1 INNER JOIN disp AS T2 ON T1.account_id = T2.account_id INNER JOIN trans AS T3 ON T2.account_id = T3.account_id INNER JOIN client AS T4 ON T2.client_id = T4.client_id WHERE T4.client_id = 4 AND T3.trans_id = 851,Fixed syntactical error in question. Fixed query so that it matches client and account through the disp table and not through district_id,3+4
178,Which kind of credit card does client number 9 possess?,SELECT T3.type FROM client AS T1 INNER JOIN disp AS T2 ON T1.client_id = T2.client_id INNER JOIN card AS T3 ON T2.disp_id = T3.disp_id WHERE T1.client_id = 9,,,,
179,How much, in total, did client number 617 pay for all of the transactions in 1998?,SELECT SUM(T3.amount) FROM client AS T1 INNER JOIN account AS T2 ON T1.district_id = T2.district_id INNER JOIN trans AS T3 ON T2.account_id = T3.account_id WHERE STRFTIME('%Y', T3.date)= '1998' AND T1.client_id = 617,What is the total amount of all the transactions that client number 617 did in 1998?,SELECT SUM(T3.amount) FROM account AS T1 INNER JOIN disp AS T2 ON T1.account_id = T2.account_id INNER JOIN trans AS T3 ON T2.account_id = T3.account_id INNER JOIN client AS T4 ON T2.client_id = T4.client_id WHERE STRFTIME('%Y', T3.date) = '1998' AND T4.client_id = 617,Fixed ambiguity in question. Fixed query so that it matches client and account through the disp table and not through district_id,2+3
180,Please provide a list of clients who were born between 1983 and 1987 and whose account branch is in East Bohemia, along with their IDs.,SELECT T1.client_id, T3.account_id FROM client AS T1 INNER JOIN district AS T2 ON T1.district_id = T2.district_id INNER JOIN account AS T3 ON T2.district_id = T3.district_id WHERE T2.A3 = 'east Bohemia' AND STRFTIME('%Y', T1.birth_date) BETWEEN '1983' AND '1987',Please list the client IDs of clients who were born between 1983 and 1987 and whose account branch is in east Bohemia.,SELECT T1.client_id FROM client AS T1 INNER JOIN disp AS T2 ON T1.client_id = T2.client_id INNER JOIN account T3 ON T2.account_id = T3.account_id INNER JOIN district T4 ON T3.district_id = T4.district_id WHERE T4.A3 = 'east Bohemia' AND STRFTIME('%Y', T1.birth_date) BETWEEN '1983' AND '1987',"Changed ""East"" to ""east"" to match value in database. Fixed column ambiguity, now asks for a specific column. Fixed query so that it matches client and account through the disp table and not through district_id",2+3+5
181,Please provide the IDs of the 3 female clients with the largest loans.,SELECT T1.client_id FROM client AS T1 INNER JOIN account AS T2 ON T1.district_id = T2.district_id INNER JOIN loan AS T3 ON T2.account_id = T3.account_id WHERE T1.gender = 'F' ORDER BY T3.amount DESC LIMIT 3,Please provide the IDs of the 3 female clients who have the largest loans.,"SELECT T1.client_id FROM client AS T1 INNER JOIN disp AS T2 ON T1.client_id = T2.client_id INNER JOIN account AS T3 ON T2.account_id = T3.account_id INNER JOIN loan AS T4 ON T4.account_id = T3.account_id WHERE T1.gender = 'F' ORDER BY T4.amount DESC LIMIT 3,",Fixed syntactical error in question. Fixed query so that it matches client and account through the disp table and not through district_id,1+3
182,How many male customers who were born between 1974 and 1976 have made a payment on their home in excess of $4000?,SELECT COUNT(T1.account_id) FROM trans AS T1 INNER JOIN account AS T2 ON T1.account_id = T2.account_id INNER JOIN client AS T3 ON T2.district_id = T3.district_id WHERE STRFTIME('%Y', T3.birth_date) BETWEEN '1974' AND '1976' AND T3.gender = 'M' AND T1.amount > 4000 AND T1.k_symbol = 'SIPO',How many male clients who were born between 1974 and 1976 have made a payment on their home in excess of $4000?,SELECT COUNT(DISTINCT c.client_id) FROM client c INNER JOIN disp d ON c.client_id = d.client_id INNER JOIN account a ON d.account_id = a.account_id INNER JOIN trans t ON a.account_id = t.account_id WHERE c.gender = 'M' AND c.birth_date BETWEEN '1974-01-01' AND '1976-12-31' AND t.amount > 4000 AND t.k_symbol = 'SIPO',"Changed ""customer"" to ""client"" in question. Fixed query so that it matches client and account through the disp table and not through district_id",2+3
183,How many accounts in Beroun were opened after 1996?,SELECT COUNT(account_id) FROM account AS T1 INNER JOIN district AS T2 ON T1.district_id = T2.district_id WHERE STRFTIME('%Y', T1.date) > '1996' AND T2.A2 = 'Beroun',,,,
184,How many female customers have a junior credit card?,SELECT COUNT(T1.client_id) FROM client AS T1 INNER JOIN disp AS T2 ON T1.client_id = T2.client_id INNER JOIN card AS T3 ON T2.disp_id = T3.disp_id WHERE T1.gender = 'F' AND T3.type = 'junior',,,,
185,What proportion of customers who have accounts at the Prague branch are female?,SELECT CAST(SUM(T2.gender = 'F') AS REAL) / COUNT(T2.client_id) * 100 FROM district AS T1 INNER JOIN client AS T2 ON T1.district_id = T2.district_id WHERE T1.A3 = 'Prague',What proportion of customers at the Prague branch are female?,,Fixed syntactical error in question.,1
186,What percentage of male clients request for weekly statements to be issued?,SELECT CAST(SUM(T1.gender = 'M') AS REAL) * 100 / COUNT(T1.client_id) FROM client AS T1 INNER JOIN account AS T2 ON T1.district_id = T2.district_id WHERE T2.frequency = 'POPLATEK TYDNE',,"SELECT CAST(SUM(CASE WHEN a.frequency = 'POPLATEK TYDNE' THEN 1 ELSE 0 END) AS REAL) * 100 / COUNT(DISTINCT c.client_id) AS percentage FROM account a JOIN disp d ON a.account_id = d.account_id JOIN client c ON d.client_id = c.client_id WHERE c.gender = 'M',",Fixed query so that it matches client and account through the disp table and not through district_id,3
187,How many clients who choose statement of weekly issuance are User?,SELECT COUNT(T2.account_id) FROM account AS T1 INNER JOIN disp AS T2 ON T2.account_id = T1.account_id WHERE T1.frequency = 'POPLATEK TYDNE' AND T2.type = 'USER',,,,
188,Among the accounts who have loan validity more than 24 months, list out the accounts that have the lowest approved amount and have account opening date before 1997.,SELECT T1.account_id FROM loan AS T1 INNER JOIN account AS T2 ON T1.account_id = T2.account_id WHERE T1.duration > 24 AND STRFTIME('%Y', T2.date) < '1997' ORDER BY T1.amount ASC LIMIT 1,Among the accounts with a loan validity period exceeding 24 months, which account id has the lowest approved amount and was opened before 1997?,,Fixed syntactical errors in question and removed column ambiguity (changed “list out the accounts” to “which account id”). ,1+2
189,Name the account numbers of female clients who are oldest and have lowest average salary?,SELECT T3.account_id FROM client AS T1 INNER JOIN district AS T2 ON T1.district_id = T2.district_id INNER JOIN account AS T3 ON T2.district_id = T3.district_id WHERE T1.gender = 'F' ORDER BY T1.birth_date ASC, T2.A11 ASC LIMIT 1,Name the account number of the female client who are oldest and have the lowest average salary?,"SELECT T1.account_id FROM account AS T1 INNER JOIN disp as T2 ON T1.account_id = T2.account_id INNER JOIN client AS T3 ON T3.client_id = T2.client_id INNER JOIN district AS T4 ON T4.district_id = T1.district_id WHERE T3.gender = 'F' ORDER BY T3.birth_date ASC, T4.A11 ASC LIMIT 1,",Fixed question to ask for single female client. Fixed query so that it matches client and account through the disp table and not through district_id,1+3
190,How many clients who were born in 1920 stay in east Bohemia?,SELECT COUNT(T1.client_id) FROM client AS T1 INNER JOIN district AS T2 ON T1.district_id = T2.district_id WHERE STRFTIME('%Y', T1.birth_date) = '1920' AND T2.A3 = 'east Bohemia',,,,
191,How many loan accounts are for pre-payment of duration of 24 months with weekly issuance of statement.,SELECT COUNT(T2.account_id) FROM account AS T1 INNER JOIN loan AS T2 ON T1.account_id = T2.account_id WHERE T2.duration = 24 AND T1.frequency = 'POPLATEK TYDNE',,,,
192,What is the average amount of loan which are still on running contract with statement issuance after each transaction?,SELECT AVG(T2.payments) FROM account AS T1 INNER JOIN loan AS T2 ON T1.account_id = T2.account_id WHERE T2.status IN ('C', 'D') AND T1.frequency = 'POPLATEK PO OBRATU',,SELECT AVG(T2.amount) FROM account AS T1 INNER JOIN loan AS T2 ON T1.account_id = T2.account_id WHERE T2.status IN ('C', 'D') AND T1.frequency = 'POPLATEK PO OBRATU',Changed: “AVG(T2.payments)” to “AVG(T2.amount)“ to match question,3
193,List all ID and district for clients that can only have the right to issue permanent orders or apply for loans.,SELECT T3.client_id, T2.district_id, T2.A2 FROM account AS T1 INNER JOIN district AS T2 ON T1.district_id = T2.district_id INNER JOIN disp AS T3 ON T1.account_id = T3.account_id WHERE T3.type = 'OWNER',List all district ids , district names and client ids for the clients that can only have the right to issue permanent orders or apply for loans,,Fixed column ambiguity. SQL query and question did not depict the same information, so changed question to align with the gold query. Changed: “List all ID and district for clients that” to “List all district names, district ids and client ids for the clients that”,2+3
194,Provide the IDs and age of the client with high level credit card, which is eligible for loans.,SELECT T1.client_id, STRFTIME('%Y', CURRENT_TIMESTAMP) - STRFTIME('%Y', T3.birth_date) FROM disp AS T1 INNER JOIN card AS T2 ON T2.disp_id = T1.disp_id INNER JOIN client AS T3 ON T1.client_id = T3.client_id WHERE T2.type = 'gold' AND T1.type = 'OWNER',Provide the IDs and ages of clients who have high-level credit cards and are eligible for loans?,,Changed “age of the client” to “ages of clients”,1
,,,,,,
,,,,,,
,,,,,,